[
  { "id": "all", "name": "All Courses", "slug": "all" },

  {
    "id": "agile",
    "name": "Agile Management",
    "slug": "agile",
    "hero": {
      "_note": "All keys here match your Category['hero'] interface",
      "label": "Popular",
      "title": "Best Agile Management Certification Training Courses",
      "subtitle": "Master in-demand Agile skills and deliver value faster with powerful Agile practices.",
      "image": "https://images.unsplash.com/photo-1544005313-94ddf0286df2?q=80&w=1400&auto=format&fit=crop",
      "bullets": [
        "Get industry-recognized certifications from Scrum Alliance & Scaled Agile",
        "Learn from accredited trainers across fields to fast-track your career",
        "Experiential learning with real-world simulations and activities"
      ],
      "ctaExploreText": "Explore Courses",
      "ctaAdvisorText": "Contact Learning Advisor"
    },
    "insights": {
      "eyebrow": "DEMAND FOR AGILE MANAGEMENT COURSES",
      "title": "Agile Management Industry Trends",
      "body": [
        "Agile Management professionals are in huge demand not just in the IT industry but across various sectors. Agile is widely used by at least 71% of U.S. companies, and 86% of international software developers use Agile, which shows its upward trajectory.",
        "Professionals with a good command of critical Agile concepts including organizational agility, lean portfolio management, solution delivery, product delivery, team and technical agility, Agile Release Trains, value stream management, the flow of value, PI planning, and Kanban practices will be well equipped to build a highly rewarding career."
      ],
      "cards": [
        { "icon": "wallet",     "value": "60%",  "caption": "Growth in revenue and profit on adopting Agile" },
        { "icon": "gem",        "value": "98%",  "caption": "of organizations have benefitted from Agile adoption" },
        { "icon": "smartphone", "value": "71%",  "caption": "of companies adopt Agile" },
        { "icon": "radio",      "value": "250%", "caption": "increase in product quality while using Scrum" },
        { "icon": "globe",      "value": "$90K", "caption": "Average salary of an Agile project manager" }
      ]
    },
    "faqs": [
      {
        "question": "What are Agile Management Courses?",
        "answer": "Programs that teach Agile values, Scrum, Kanban, SAFe, and practical delivery techniques to help teams ship faster with higher quality."
      },
      {
        "question": "What are the eligibility criteria to take Agile courses online?",
        "answer": [
          "No strict prerequisites—basic project or team experience is helpful",
          "Familiarity with software/product delivery is a plus",
          "Willingness to collaborate and practice Agile ceremonies"
        ]
      },
      {
        "question": "What are the best Agile courses for beginners?",
        "answer": "You can check our most popular beginner-friendly programs below:",
        "links": [
          { "label": "Certified ScrumMaster (CSM)®", "href": "/agile/csm" },
          { "label": "CSPO® Certification", "href": "/agile/cspo" },
          { "label": "Leading SAFe® 6.0 Certification", "href": "/agile/leading-safe-6" }
        ]
      },
      {
        "question": "Are classes live or self-paced?",
        "answer": [
          "Live classroom sessions with certified instructors",
          "Self-paced modules available for select topics",
          "Hands-on practice with simulations and real-world exercises"
        ]
      },
      {
        "question": "Do you provide Agile courses with certificates?",
        "answer": "Yes. Most programs include an industry-recognized certificate upon successful completion."
      }
    ]
  },

  { "id": "pm", "name": "Project Management", "slug": "project-management" },
  { "id": "datasci", "name": "Data Science", "slug": "datascience" },
  { "id": "cloud", "name": "Cloud Computing", "slug": "cloud" },
  { "id": "web", "name": "Web Development", "slug": "web-development" },
  { "id": "devops", "name": "DevOps", "slug": "devops" },
  { "id": "itsec", "name": "IT Security", "slug": "it-security" }
]
