[
  {
    "id": "csm",
    "slug": "certified-scrummaster-csm",
    "title": "Certified ScrumMaster (CSM)®",
    "modes": ["Live Classroom", "Classroom"],
    "hours": 16,
    "enrolled": 148689,
    "priceInr": 17135,
    "image": "https://images.unsplash.com/photo-1551836022-4c4c79ecde51?q=80&w=1400&auto=format&fit=crop",
    "badges": ["Recommended"],
    "categories": ["agile", "pm"],

    "_hero_note": "Used by CourseHero component; every key is optional (falls back to course fields).",
    "hero": {
      "label": "Certification Program",
      "title": "Master Scrum with CSM®",
      "subtitle": "Become a certified ScrumMaster and lead high-performing Agile teams with confidence.",
      "bullets": [
        "Live, instructor-led classes with exercises",
        "Real-world simulations & exam guidance",
        "Globally recognized CSM® credential"
      ],
      "image": "https://images.unsplash.com/photo-1519389950473-47ba0277781c?q=80&w=1400&auto=format&fit=crop",
      "ctaPrimaryText": "Enroll now",
      "ctaSecondaryText": "Download syllabus",
      "ctaSecondaryHref": "/files/csm-syllabus.pdf"
    },

    "_faqs_note": "Shown on the course detail page via CourseFaq component. 'answer' supports string or string[]; 'links' is optional.",
    "faqs": [
      {
        "question": "Who should take the CSM® course?",
        "answer": [
          "Aspiring Scrum Masters and Agile team members",
          "Project managers moving to Agile/Scrum",
          "Product/Tech professionals who collaborate with Scrum teams"
        ]
      },
      {
        "question": "Are the classes live or self-paced?",
        "answer": [
          "Live, instructor-led sessions on scheduled dates",
          "Self-paced prep material may be provided for select batches"
        ]
      },
      {
        "question": "What are the prerequisites for CSM®?",
        "answer": "No strict prerequisites. Basic understanding of product delivery helps."
      },
      {
        "question": "Do I get a certificate after completion?",
        "answer": "Yes. You’ll receive the Scrum Alliance CSM® certification upon passing the exam."
      },
      {
        "question": "What support do I get for the exam?",
        "answer": [
          "Exam guidance and sample questions",
          "Access to post-training doubt clearing",
          "Community and alumni support"
        ],
        "links": [
          {
            "label": "Official CSM® exam info",
            "href": "https://www.scrumalliance.org/get-certified/scrum-master-track/certified-scrummaster"
          }
        ]
      },
      {
        "question": "Can my company sponsor the training?",
        "answer": [
          "Yes, we provide GST invoices and corporate group discounts",
          "Write to us for custom enterprise batches"
        ],
        "links": [{ "label": "Contact learning advisor", "href": "/contact" }]
      }
    ],

    "_rail_note": "Shown by CourseInfoRail under the hero.",
    "applicationCloseOn": "2025-08-25",
    "durationLabel": "16 Hrs",
    "learningFormat": "Live, Online, Interactive",

    "_learning_path_note": "Shown by CourseLearningPath; each module expands; timeline highlights down to the opened module.",
    "learningPath": {
      "title": "Learning Path",
      "modules": [
        {
          "title": "Program Induction & Agile Fundamentals",
          "summary": "Agile values & principles, Scrum overview",
          "duration": "2 hrs",
          "bullets": ["Agile manifesto and pillars", "Scrum roles, events, and artifacts"]
        },
        {
          "title": "Scrum Roles & Responsibilities",
          "summary": "SM, PO, Dev Team – expectations & collaboration",
          "duration": "2 hrs",
          "bullets": ["ScrumMaster as a servant-leader", "Anti-patterns & how to avoid them"]
        },
        {
          "title": "Scrum Events Deep Dive",
          "summary": "Planning, Daily Scrum, Review, Retrospective",
          "duration": "3 hrs",
          "bullets": ["Time-boxes, facilitation tips", "Outcome-oriented ceremonies"]
        },
        {
          "title": "Product Backlog & Sprint Backlog",
          "summary": "User stories, refinement, estimation",
          "duration": "2 hrs",
          "bullets": ["INVEST and story slicing", "Relative estimation & planning poker"]
        },
        {
          "title": "Done, Quality & Sprint Execution",
          "summary": "Definition of Done, cross-functional collaboration",
          "duration": "2 hrs",
          "bullets": ["DoD vs DoR", "Building quality into the sprint"]
        },
        {
          "title": "Scaling & Real-world Practices",
          "summary": "When and how to scale, practical case studies",
          "duration": "2 hrs",
          "bullets": ["Scaling basics (SAFe/LeSS overview)", "Smarter tools & metrics"]
        },
        {
          "title": "Exam Readiness & Wrap-up",
          "summary": "Sample questions, tips, and study plan",
          "duration": "1 hr",
          "bullets": ["Practice quiz & discussion", "Next steps and resources"],
          "resources": [{ "label": "CSM® Exam Guide", "href": "/files/csm-exam-guide.pdf" }]
        }
      ]
    },

    "_objectives_note": "Shown by CourseObjectives; concise cards with short descriptions.",
    "objectives": {
      "eyebrow": "What you'll learn in the CSM® certification training",
      "title": "Learning Objectives",
      "items": [
        {
          "title": "Scrum Principles",
          "description": "Understand the values & principles that guide Scrum and Agile delivery."
        },
        {
          "title": "Roles & Collaboration",
          "description": "Work effectively as a ScrumMaster with Product Owner and Developers."
        },
        {
          "title": "Events & Artifacts",
          "description": "Run Planning, Daily Scrum, Review & Retro; manage Backlogs and Increments."
        },
        {
          "title": "Tailoring Scrum",
          "description": "Apply Scrum confidently in your team and organization context."
        },
        {
          "title": "Risk & Quality",
          "description": "Build quality into the sprint; identify risks early and mitigate them."
        },
        {
          "title": "Best Practices",
          "description": "Adopt practical techniques and patterns for high-performing Scrum teams."
        }
      ]
    },

    "syllabusUrl": "/files/csm-syllabus.pdf"
  },

  {
    "id": "cspo",
    "slug": "cspo-certification",
    "title": "CSPO® Certification",
    "modes": ["Live Classroom", "Classroom"],
    "hours": 16,
    "enrolled": 102004,
    "priceInr": 17135,
    "image": "https://images.unsplash.com/photo-1522071820081-009f0129c71c?q=80&w=1400&auto=format&fit=crop",
    "badges": ["Recommended"],
    "categories": ["agile", "pm"],
    "applicationCloseOn": "2025-09-10",
    "durationLabel": "16 Hrs",
    "learningFormat": "Live, Online, Interactive"
  },
  {
    "id": "pmp",
    "slug": "pmp-certification",
    "title": "PMP® Certification",
    "modes": ["Live Classroom", "Classroom", "Self Paced"],
    "hours": 35,
    "enrolled": 125193,
    "priceInr": 10999,
    "image": "https://images.unsplash.com/photo-1521737604893-d14cc237f11d?q=80&w=1400&auto=format&fit=crop",
    "badges": ["Recommended"],
    "categories": ["pm"],
    "applicationCloseOn": "2025-10-05",
    "durationLabel": "35 Hrs",
    "learningFormat": "Live + Self-paced"
  },
  {
    "id": "genai-scrum",
    "slug": "gen-ai-for-scrum-masters",
    "title": "Gen AI for Scrum Masters",
    "modes": ["Live Classroom"],
    "hours": 16,
    "enrolled": 3624,
    "priceInr": 24000,
    "image": "https://images.unsplash.com/photo-1519389950473-47ba0277781c?q=80&w=1400&auto=format&fit=crop",
    "badges": ["Trending"],
    "categories": ["agile", "datasci"],
    "applicationCloseOn": "2025-08-18",
    "durationLabel": "16 Hrs",
    "learningFormat": "Live, Online"
  },
  {
    "id": "genai-scrum",
    "slug": "gen-ai-for-scrum-masters",
    "title": "Gen AI for Scrum Masters",
    "modes": ["Live Classroom"],
    "hours": 16,
    "enrolled": 3624,
    "priceInr": 24000,
    "image": "https://images.unsplash.com/photo-1519389950473-47ba0277781c?q=80&w=1400&auto=format&fit=crop",
    "badges": ["Trending"],
    "categories": ["agile", "datasci"],
    "applicationCloseOn": "2025-08-18",
    "durationLabel": "16 Hrs",
    "learningFormat": "Live, Online"
  },
  {
    "id": "genai-popm",
    "slug": "generative-ai-course-for-popm",
    "title": "Generative AI Course for POPM",
    "modes": ["Live Classroom"],
    "hours": 16,
    "enrolled": 21534,
    "priceInr": 24000,
    "image": "https://images.unsplash.com/photo-1519389950473-47ba0277781c?q=80&w=1400&auto=format&fit=crop",
    "badges": ["Trending"],
    "categories": ["agile", "datasci"],
    "applicationCloseOn": "2025-09-01",
    "durationLabel": "16 Hrs",
    "learningFormat": "Live, Online, Interactive"
  },
  {
    "id": "safe6",
    "slug": "leading-safe-6-0-certification",
    "title": "Leading SAFe® 6.0 Certification",
    "modes": ["Live Classroom"],
    "hours": 16,
    "enrolled": 45527,
    "priceInr": 35400,
    "image": "https://images.unsplash.com/photo-1522071820081-009f0129c71c?q=80&w=1400&auto=format&fit=crop",
    "badges": ["Recommended"],
    "categories": ["agile", "pm"],
    "applicationCloseOn": "2025-08-30",
    "durationLabel": "16 Hrs",
    "learningFormat": "Live, Online"
  },
  {
    "id": "ux",
    "slug": "product-ux-foundations",
    "title": "Product UX Foundations",
    "modes": ["Live Classroom"],
    "hours": 12,
    "enrolled": 8230,
    "priceInr": 19900,
    "image": "https://images.unsplash.com/photo-1558655146-9f40138edfeb?q=80&w=1400&auto=format&fit=crop",
    "badges": ["Trending"],
    "categories": ["web"],
    "applicationCloseOn": "2025-09-15",
    "durationLabel": "12 Hrs",
    "learningFormat": "Live, Online"
  },
  {
    "id": "k8s",
    "slug": "kubernetes-administrator",
    "title": "Kubernetes Administrator",
    "modes": ["Live Classroom"],
    "hours": 24,
    "enrolled": 15892,
    "priceInr": 27900,
    "image": "https://images.unsplash.com/photo-1542831371-29b0f74f9713?q=80&w=1400&auto=format&fit=crop",
    "badges": ["Recommended"],
    "categories": ["cloud", "devops"],
    "applicationCloseOn": "2025-09-20",
    "durationLabel": "24 Hrs",
    "learningFormat": "Live, Online, Interactive"
  },
  {
    "id": "sec-found2",
    "slug": "it-security-fundamentals2",
    "title": "IT Security Fundamentals2",
    "modes": ["Live Classroom"],
    "hours": 14,
    "enrolled": 6900,
    "priceInr": 18999,
    "image": "https://images.unsplash.com/photo-1510511459019-5dda7724fd87?q=80&w=1400&auto=format&fit=crop",
    "badges": ["Recommended"],
    "categories": ["itsec"],
    "applicationCloseOn": "2025-09-07",
    "durationLabel": "14 Hrs",
    "learningFormat": "Live, Online"
  },
  {
    "id": "sec-found",
    "slug": "it-security-fundamentals",
    "title": "IT Security Fundamentals",
    "modes": ["Live Classroom"],
    "hours": 14,
    "enrolled": 6900,
    "priceInr": 18999,
    "image": "https://images.unsplash.com/photo-1510511459019-5dda7724fd87?q=80&w=1400&auto=format&fit=crop",
    "badges": ["Recommended"],
    "categories": ["itsec"],
    "applicationCloseOn": "2025-09-25",
    "durationLabel": "14 Hrs",
    "learningFormat": "Live, Online, Interactive"
  }
]
