[
  { "id": "ai",           "title": "Artificial Intelligence",     "emoji": "🧠" },
  { "id": "datasci",      "title": "Data Science",                "emoji": "📊" },
  { "id": "ml",           "title": "Machine Learning",            "emoji": "🤖" },
  { "id": "cloud",        "title": "Cloud Computing",             "emoji": "☁️" },
  { "id": "devops",       "title": "DevOps",                      "emoji": "🛠️" },
  { "id": "web",          "title": "Web Development",             "emoji": "🧩" },
  { "id": "mobile",       "title": "Mobile Development",          "emoji": "📱" },
  { "id": "security",     "title": "Cybersecurity",               "emoji": "🛡️" },
  { "id": "blockchain",   "title": "Blockchain",                  "emoji": "⛓️" },
  { "id": "uiux",         "title": "UI/UX",                       "emoji": "🎨" },
  { "id": "testing",      "title": "Quality Assurance",           "emoji": "✅" },
  { "id": "pm",           "title": "Project Management",          "emoji": "📋" },
  { "id": "agile",        "title": "Agile & Scrum",               "emoji": "🏃" },
  { "id": "db",           "title": "Databases",                   "emoji": "🗄️" },
  { "id": "soft",         "title": "Soft Skills",                 "emoji": "🗣️" },
  { "id": "finance",      "title": "Finance",                     "emoji": "💹" },
  { "id": "product",      "title": "Product Management",          "emoji": "📦" },
  { "id": "marketing",    "title": "Digital Marketing",           "emoji": "📣" },
  { "id": "ops",          "title": "Operations",                  "emoji": "⚙️" },
  { "id": "analytics",    "title": "Business Analytics",          "emoji": "📈" },
  { "id": "compTIA",      "title": "CompTIA",                     "emoji": "💻" },
  { "id": "networking",   "title": "Networking",                  "emoji": "🛜" },
  { "id": "iot",          "title": "IoT",                         "emoji": "🔌" },
  { "id": "genai",        "title": "Generative AI",               "emoji": "✨" }
]
