[
  {
    "id": "ahead",
    "titleLines": ["Get Certified.", "Get Ahead."],
    "subtext": null,
    "bullets": [
      "8,000,000 Careers advanced",
      "1,500 Live classes every month",
      "85% Report career success"
    ],
    "image": "https://images.unsplash.com/photo-1591453089816-0fbb971b454c?q=80&w=1600&auto=format&fit=crop",
    "primaryCta": { "label": "Explore Programs", "href": "#" },
    "secondaryCta": { "label": "Try For Business", "href": "#" }
  },
  {
    "id": "ai",
    "titleLines": ["Be a Leader in Your Field", "Change, Adapt and Build", "with AI"],
    "subtext": "All our top programs include Generative AI components",
    "bullets": [],
    "image": "https://images.unsplash.com/photo-1607746882042-944635dfe10e?q=80&w=1600&auto=format&fit=crop",
    "primaryCta": { "label": "Explore Programs", "href": "#" },
    "secondaryCta": null
  },
  {
    "id": "workforce",
    "titleLines": ["Unlock Unlimited Live", "Classes for Your Workforce"],
    "subtext": null,
    "bullets": [
      "700+ Live classes monthly",
      "550+ Learning solutions",
      "100+ Hands-on projects with labs"
    ],
    "image": "https://images.unsplash.com/photo-1591453089816-0fbb971b454c?q=80&w=1600&auto=format&fit=crop",
    "primaryCta": { "label": "Explore Learning Hub+", "href": "#" },
    "secondaryCta": null
  }
  
]
