[
  {
    "id": "path-analytics-iitg",
    "title": "Professional Certificate Program in Data Analytics & Generative AI",
    "duration": "11 Months",
    "tag": "New Launch",
    "image": "https://images.unsplash.com/photo-1556157382-97eda2d62296?q=80&w=1200&auto=format&fit=crop",
    "categories": ["datasci"]
  },
  {
    "id": "path-analytics-purdue",
    "title": "Professional Certificate in Data Analytics and Generative AI",
    "duration": "8 Months",
    "image": "https://images.unsplash.com/photo-1522071820081-009f0129c71c?q=80&w=1200&auto=format&fit=crop",
    "categories": ["datasci"]
  },
  {
    "id": "path-ds-purdue",
    "title": "Professional Certificate in Data Science and Generative AI",
    "duration": "6 Months",
    "image": "https://images.unsplash.com/photo-1518770660439-4636190af475?q=80&w=1200&auto=format&fit=crop",
    "categories": ["datasci"]
  },
  {
    "id": "path-ai-pnpm",
    "title": "Professional Scrum Product Owner™ (PSPO)",
    "duration": "24 Hrs",
    "image": "https://images.unsplash.com/photo-1557804506-669a67965ba0?q=80&w=1200&auto=format&fit=crop",
    "categories": ["agile", "pm"]
  }
]
